{
  "test/integration/pages/Partner1List.js.map": 1712820578989,
  "test/testsuite.qunit.js": 1711643399034,
  "test/integration/pages/Partner1List.js": 1711643399062,
  "test/integration/opaTests.qunit.js": 1711643399050,
  "test/integration/FirstJourney.js": 1711643399086,
  "test/integration/pages/Partner1ObjectPage.js": 1711643399062,
  "xs-app.json": 1712820563187,
  "manifest.json": 1711643447841,
  "Component.js": 1711643398990,
  "test/testsuite.qunit-dbg.js": 1711643399034,
  "test/testsuite.qunit.js.map": 1712820579002,
  "test/integration/pages/Partner1List-dbg.js": 1711643399062,
  "i18n/i18n.properties": 1711643409134,
  "test/integration/opaTests.qunit-dbg.js": 1711643399050,
  "test/integration/opaTests.qunit.js.map": 1712820578995,
  "test/integration/FirstJourney-dbg.js": 1711643399086,
  "test/integration/FirstJourney.js.map": 1712820578996,
  "test/integration/pages/Partner1ObjectPage-dbg.js": 1711643399062,
  "test/integration/pages/Partner1ObjectPage.js.map": 1712820578993,
  "Component-dbg.js": 1711643398990,
  "Component.js.map": 1712820578995,
  "Component-preload.js": 1712820579115,
  "Component-preload.js.map": 1712820579116,
  "test/integration/opaTests.qunit.html": 1711643399050,
  "test/testsuite.qunit.html": 1711643399030,
  "test/flpSandbox.html": 1711643399030,
  "index.html": 1711643398990
}